{
  "fx": 597.83527,
  "fy": 597.83527,
  "cx": 240.91489,
  "cy": 318.9558
}